id;firstname;lastname;email;email2;profession
100;Ayn;Alfons;Ayn.Alfons@yopmail.com;Ayn.Alfons@gmail.com;firefighter
101;Trixi;Infield;Trixi.Infield@yopmail.com;Trixi.Infield@gmail.com;doctor
102;Deedee;Tengdin;Deedee.Tengdin@yopmail.com;Deedee.Tengdin@gmail.com;worker
103;Lynde;Trinetta;Lynde.Trinetta@yopmail.com;Lynde.Trinetta@gmail.com;worker
104;Maye;Stilwell;Maye.Stilwell@yopmail.com;Maye.Stilwell@gmail.com;worker
105;Juliane;Ricarda;Juliane.Ricarda@yopmail.com;Juliane.Ricarda@gmail.com;developer
106;Vevay;Bearnard;Vevay.Bearnard@yopmail.com;Vevay.Bearnard@gmail.com;doctor
107;Adore;Secrest;Adore.Secrest@yopmail.com;Adore.Secrest@gmail.com;firefighter
108;Pearline;Prober;Pearline.Prober@yopmail.com;Pearline.Prober@gmail.com;developer
109;Nicoli;Rustice;Nicoli.Rustice@yopmail.com;Nicoli.Rustice@gmail.com;doctor
110;Marcy;Vharat;Marcy.Vharat@yopmail.com;Marcy.Vharat@gmail.com;firefighter
111;Almeta;Vorster;Almeta.Vorster@yopmail.com;Almeta.Vorster@gmail.com;police officer
112;Catrina;Pacorro;Catrina.Pacorro@yopmail.com;Catrina.Pacorro@gmail.com;police officer
113;Karina;Carleen;Karina.Carleen@yopmail.com;Karina.Carleen@gmail.com;doctor
114;Tina;Aldric;Tina.Aldric@yopmail.com;Tina.Aldric@gmail.com;firefighter
115;Lyssa;Narton;Lyssa.Narton@yopmail.com;Lyssa.Narton@gmail.com;developer
116;Kathy;Mathilde;Kathy.Mathilde@yopmail.com;Kathy.Mathilde@gmail.com;developer
117;Phedra;Dituri;Phedra.Dituri@yopmail.com;Phedra.Dituri@gmail.com;police officer
118;Etta;Arathorn;Etta.Arathorn@yopmail.com;Etta.Arathorn@gmail.com;worker
119;Abbie;Delp;Abbie.Delp@yopmail.com;Abbie.Delp@gmail.com;worker
120;Leontine;Cleo;Leontine.Cleo@yopmail.com;Leontine.Cleo@gmail.com;doctor
121;Mariele;Guildroy;Mariele.Guildroy@yopmail.com;Mariele.Guildroy@gmail.com;doctor
122;Renie;Ellord;Renie.Ellord@yopmail.com;Renie.Ellord@gmail.com;developer
123;Emylee;Pearse;Emylee.Pearse@yopmail.com;Emylee.Pearse@gmail.com;doctor
124;Charlena;Posner;Charlena.Posner@yopmail.com;Charlena.Posner@gmail.com;firefighter
125;Henriette;Emanuel;Henriette.Emanuel@yopmail.com;Henriette.Emanuel@gmail.com;doctor
126;Correy;Toffic;Correy.Toffic@yopmail.com;Correy.Toffic@gmail.com;worker